timestamp,title,url,posted
2019-04-20 23:00:52,Foul odour could cover Sydney during water plant maintenance ,https://www.9news.com.au/national/news-sydney-manly-north-head-wastewater-plant-sydney-water-maintenance-work-smelly-air-odour/07ee51d9-5a5f-4ea8-bf7d-4ce64e60e486,True
2019-04-20 23:00:52,Walker allegedly pulled partners hair after interrupting video game,https://www.9news.com.au/national/news-sydney-dylan-walker-domestic-violence-manly-sea-eagles-nrl/6ca0bccd-a94c-43e2-a240-c40acad7dfbf,True
2019-04-20 23:00:52,NRL star pleads not guilty to assault charges,https://www.9news.com.au/national/dylan-walker-nrl-manly-player-to-face-manly-local-court-on-domestic-violence-charge/a2617e9f-b272-4f2f-a017-b1589d561cae,True
2019-04-20 23:00:52,Ferry fares to drop 91 cents for some,https://www.9news.com.au/national/manly-ferry-fares-dropping-to-91-cents-for-nrma-customers/144808c0-49c8-4cc3-be29-d51e2cf67364,True
2019-04-20 23:00:52,Woman caught four times over legal limit with two kids in car,https://www.9news.com.au/national/sydney-woman-caught-four-times-legal-limit-with-two-children-in-car/3474dc98-a79e-4b8e-bcb2-8aa20fdff5c4,True
2019-04-20 23:00:52,Sydney sun will return this weekend as dramatic video shows Manly ferry smashed by waves,https://www.9news.com.au/national/sydney-sun-will-return-this-weekend-as-dramatic-video-shows-manly-ferry-smashed-by-waves/189dd443-7040-46f8-949a-38008be72c55,True
2019-04-20 23:00:52,This dreary spot beat all of Australia's best beaches ,https://www.9news.com.au/national/tripadvisor-best-beaches-2018-manly-makes-top-25/b8612303-8b54-465e-8269-2c89338a6e3f,True
2019-04-20 23:00:52,Surfer rescued by chopper on Manly's Shelly Beach,https://www.9news.com.au/national/surfer-shelley-beach-manly-winched-helicopter-rescue-video/556db1c6-cfbb-49d8-ba2e-01c2d3fb9447,True
2019-04-20 23:00:52,Woman found dead off Sydney shoreline ‘not suspicious’ ,https://www.9news.com.au/national/person-found-in-waters-off-north-head-manly/1df8b64d-6364-4856-a64f-2f99739a8d18,True
2019-04-20 23:00:52,'Beautiful woman': Partner's tribute to slain mum,https://www.9news.com.au/national/joel-woszatka-in-manly-court-for-murder-after-mum-lanell-latta-found-dead-in-avalon/b5f69530-b5ce-4374-a58e-feb760c7ac1a,True
2019-04-20 23:00:52,Humpback whales cruise along Sydney beachfront,https://www.9news.com.au/national/whales-spotted-at-shelly-beach-manly-sydney/5aaf5ac0-0b3b-4d9e-bcbe-ab5342678ad3,True
2019-04-20 23:00:52,VIDEO: I wasn’t partying during drug scare: Walker,https://www.9news.com.au/national/i-wasnt-partying-during-drug-scare-walker/e04a287f-bb4d-4492-9f9e-58696fb5827b,True
2019-04-20 23:00:53,Council in Multi-Million Dollar Footpath Upgrade Plan,https://www.manlyaustralia.com.au/news/council-in-multimillion-dollar-footpath-upgrade-plan/?current-news,True
2019-04-20 23:00:53,Future for District Park Secured,https://www.manlyaustralia.com.au/news/future-for-district-park-secured/?current-news,True
2019-04-20 23:00:53,"Manly Residential Parking Review to Lead to Better, Fairer Parking Conditions",https://www.manlyaustralia.com.au/news/manly-residential-parking-review-to-lead-to-better-fairer-parking-conditions/?current-news,True
2019-04-20 23:00:53,Apply Now to Bring Your Great Idea for the Northern Beaches to Life,https://www.manlyaustralia.com.au/news/apply-now-to-bring-your-great-idea-for-the-northern-beaches-to-life/?current-news,True
2019-04-20 23:00:53,Sorrow and Loss Reflected in New Indigenous Art Exhibition at MAGAM,https://www.manlyaustralia.com.au/news/sorrow-and-loss-reflected-in-new-indigenous-art-exhibition-at-magam/?current-news,True
2019-04-20 23:00:53,Anzac Day Ceremonies will Highlight Enduring Australia & New Zealand Friendship,https://www.manlyaustralia.com.au/news/anzac-day-ceremonies-will-highlight-enduring-australia-new-zealand-friendship/?current-news,True
2019-04-20 23:00:53,Why our Kids Should Eat Chocolate this Easter!,https://www.manlyaustralia.com.au/news/why-our-kids-should-eat-chocolate-this-easter/?current-news,True
2019-04-20 23:00:53,"Art Unlimited Dunedoo, Final Call for Entries",https://www.manlyaustralia.com.au/news/art-unlimited-dunedoo-final-call-for-entries/?current-news,True
2019-04-20 23:00:53,Local Roaster Wins Champion Australian Roaster Second Year Running,https://www.manlyaustralia.com.au/news/local-roaster-wins-champion-australian-roaster-second-year-running/?current-news,True
2019-04-20 23:00:53,Heart-Warming Comedy Celebrating the Human Spirit,https://www.manlyaustralia.com.au/news/heartwarming-comedy-celebrating-the-human-spirit/?current-news,True
2019-04-20 23:00:53,Have You Seen a Red-Eared Slider Turtle?,https://www.manlyaustralia.com.au/news/have-you-seen-a-redeared-slider-turtle/?current-news,True
2019-04-20 23:00:53,Northern Beaches Council's Waste Reduction Events,https://www.manlyaustralia.com.au/news/northern-beaches-councils-waste-reduction-events/?current-news,True
2019-04-20 23:00:53,Our Plan for a Stronger Economy Delivers for New South Wales,https://www.manlyaustralia.com.au/news/our-plan-for-a-stronger-economy-delivers-for-new-south-wales/?current-news,True
2019-04-20 23:00:53,Experience Your Three Minutes of Fame on Stage,https://www.manlyaustralia.com.au/news/experience-your-three-minutes-of-fame-on-stage/?current-news,True
2019-04-20 23:00:53,Improved Pedestrian Safety in Manly and Across the Northern Beaches,https://www.manlyaustralia.com.au/news/improved-pedestrian-safety-in-manly-and-across-the-northern-beaches/?current-news,True
2019-04-20 23:00:53,Xstatic Sunsets - Australia’s Largest Sober Dance Party,https://www.manlyaustralia.com.au/news/xstatic-sunsets-australias-largest-sober-dance-party/?current-news,True
2019-04-20 23:00:53,Council Slashes Parking Fees at Rowland Reserve by 40%,https://www.manlyaustralia.com.au/news/council-slashes-parking-fees-at-rowland-reserve-by-40/?current-news,True
2019-04-20 23:00:53,"Council Revamps Collaroy Parking to Free Up Car Spaces, Support B-Line Commuters",https://www.manlyaustralia.com.au/news/council-revamps-collaroy-parking-to-free-up-car-spaces-support-bline-commuters/?current-news,True
2019-04-20 23:00:53,Avalon Off-Leash Dog Area gets the Green Light,https://www.manlyaustralia.com.au/news/avalon-offleash-dog-area-gets-the-green-light/?current-news,True
2019-04-20 23:00:53,Miss Devine and Oh So Fine for the Diggers New Cocktail Lounge,https://www.manlyaustralia.com.au/news/miss-devine-and-oh-so-fine-for-the-diggers-new-cocktail-lounge/?current-news,True
2019-04-20 23:00:53,Works to Improve Local Surf Lifesaving Clubs,https://www.manlyaustralia.com.au/news/works-to-improve-local-surf-lifesaving-clubs/?current-news,True
2019-04-20 23:00:53,NSW First: Financial Support for Coastal Residents Endorsed,https://www.manlyaustralia.com.au/news/nsw-first-financial-support-for-coastal-residents-endorsed/?current-news,True
2019-04-20 23:00:53,Tommy and Kevin are Coming to Australia!,https://www.manlyaustralia.com.au/news/tommy-and-kevin-are-coming-to-australia/?current-news,True
2019-04-20 23:00:53,Food for Thought...,https://www.manlyaustralia.com.au/news/food-for-thought/?current-news,True
2019-04-20 23:00:53,"Entries Open for Australia’s Largest Annual LGBTQI Visual Arts Exhibition, bentART",https://www.manlyaustralia.com.au/news/entries-open-for-australias-largest-annual-lgbtqi-visual-arts-exhibition-bentart/?current-news,True
2019-04-20 23:00:53,"Up, Up and Away…to Japan",https://www.manlyaustralia.com.au/news/up-up-and-awayto-japan/?current-news,True
2019-04-20 23:00:56,O O O ,https://www.sproutdaily.com/the-daily/o-o-o,True
2019-04-20 23:00:56,Warm Water Light Wind,https://www.sproutdaily.com/the-daily/warm-water-light-wind,True
2019-04-20 23:00:56,Trim Fest,https://www.sproutdaily.com/the-daily/trim-fest,True
2019-04-20 23:00:56,Gentle,https://www.sproutdaily.com/the-daily/gentle,True
2019-04-20 23:45:58,Swell greets the second quarter of the long weekend - Bold and Beautiful,https://pacificjules.typepad.com/pacific-jules/2019/04/swell-greets-the-second-quarter-of-the-long-weekend.html,True
2019-04-20 23:45:58,Friday 19 April 2019 Good Friday Good swim day - Bold and Beautiful,https://pacificjules.typepad.com/pacific-jules/2019/04/friday-19-april-2019-good-friday-good-swim-day.html,True
2019-04-20 23:45:58,Thursday 18 April:  Why now its the best time to worship the dawn - Bold and Beautiful,https://pacificjules.typepad.com/pacific-jules/2019/04/thursday-18-april-why-now-its-the-best-time-to-worship-the-dawn.html,True
2019-04-20 23:45:58,Another epic one - Bold and Beautiful,https://pacificjules.typepad.com/pacific-jules/2019/04/another-epic-one.html,True
2019-04-20 23:45:58,Tuesday 16/4/19- Routine Tuesdays  - Bold and Beautiful,https://pacificjules.typepad.com/pacific-jules/2019/04/tuesday-16419-routine-tuesdays.html,True
2019-04-20 23:45:58,15/04/19 - Dissolve and Integrate - Bold and Beautiful,https://pacificjules.typepad.com/pacific-jules/2019/04/150419-dissolve-and-integrate.html,True
2019-04-20 23:45:58,MAFS- Married at first swim. Sunday 14th April 2019 - Bold and Beautiful,https://pacificjules.typepad.com/pacific-jules/2019/04/mafs-married-at-first-swim-sunday-14th-april-2019.html,True
2019-04-20 23:45:58,Saturday 13th April 2019; A Margarita Sunrise - Bold and Beautiful,https://pacificjules.typepad.com/pacific-jules/2019/04/13042019-the-healing-power-of-swimming.html,True
2019-04-20 23:45:58,Friday 12 April 2019 splendour in the sea - Bold and Beautiful,https://pacificjules.typepad.com/pacific-jules/2019/04/friday-12-april-2019.html,True
2019-04-20 23:45:58,Thursday 11 April 2018: Walking to the point - Bold and Beautiful,https://pacificjules.typepad.com/pacific-jules/2019/04/thursday-11-april-2018-walking-to-the-point.html,True
2019-04-21 11:08:06,40 Stunning ‘Artist’s Books’ go on Exhibition at Manly Art Gallery & Museum :: Manly Australia,https://www.manlyaustralia.com.au/news/40-stunning-artists-books-go-on-exhibition-at-manly-art-gallery-museum/?current-news,True
2019-04-24 20:09:29,The Diggers Display Sea of Poppies for ANZAC Day :: Manly Australia,https://www.manlyaustralia.com.au/news/the-diggers-display-sea-of-poppies-for-anzac-day/?current-news,True
2019-04-24 20:09:29,Council Budget 2019/20 - Over $99 Million for Capital Projects :: Manly Australia,https://www.manlyaustralia.com.au/news/council-budget-201920-over-99-million-for-capital-projects/?current-news,True
2019-04-24 20:09:33,7 Day :: Sprout Daily,https://www.sproutdaily.com/the-daily/7-day,True
2019-04-24 20:09:33,Shorty :: Sprout Daily,https://www.sproutdaily.com/the-daily/shorty-1,True
2019-04-24 20:09:36,"24/04/2019 - Sharks, Weed-Heads and Trannies ;-) :: Bold and Beautiful",https://pacificjules.typepad.com/pacific-jules/2019/04/24042019-.html,True
2019-04-24 20:09:36,23/4/19 Tuesday- Post long weekend blues  :: Bold and Beautiful,https://pacificjules.typepad.com/pacific-jules/2019/04/23419-tuesday-post-long-weekend-blues.html,True
2019-04-24 20:09:36,Monday 22 April 2019 - Best thing about this Easter. :: Bold and Beautiful,https://pacificjules.typepad.com/pacific-jules/2019/04/monday-22-april-2019-best-thing-about-this-easter.html,True
2019-04-24 20:09:36,21/04/2019 - Happy Keister :: Bold and Beautiful,https://pacificjules.typepad.com/pacific-jules/2019/04/21042019-.html,True
2019-04-25 00:00:16,Manly-Warringah Choir Concert: Haydn and Friends :: Manly Australia,https://www.manlyaustralia.com.au/news/manlywarringah-choir-concert-haydn-and-friends/?current-news,True
2022-04-22 21:32:59,21 º :: Sprout Daily,https://www.sproutdaily.com/the-daily/20-apr-22,True
2022-04-22 21:32:59,This Time...  :: Sprout Daily,https://www.sproutdaily.com/the-daily/19-apr-22,True
2022-04-22 21:32:59,Here Comes The Sun! :: Sprout Daily,https://www.sproutdaily.com/the-daily/14-apr-22,True
2022-04-22 21:32:59,Leftovers :: Sprout Daily,https://www.sproutdaily.com/the-daily/12-apr-22,True
2022-04-22 21:33:00,Friday 22 April 2022 I can see clearly. Now :: Bold and Beautiful,https://pacificjules.typepad.com/pacific-jules/2022/04/friday-22-april-2022.html,True
2022-04-22 21:33:00,"Thursday, 21 April 2022 - Dots :: Bold and Beautiful",https://pacificjules.typepad.com/pacific-jules/2022/04/thursday-21-april-2022-dots.html,True
2022-04-22 21:33:00,20-04-2022: Beautiful day for a birthday :: Bold and Beautiful,https://pacificjules.typepad.com/pacific-jules/2022/04/20-04-2022-beautiful-day-for-a-birthday.html,True
2022-04-22 21:33:00,19/04/2022 - West Side Story down at the B&B :: Bold and Beautiful,https://pacificjules.typepad.com/pacific-jules/2022/04/19042022-west-side-story.html,True
2022-04-22 21:33:00,"Monday, 18 April 2022 – Home & Away: Easter edition  :: Bold and Beautiful",https://pacificjules.typepad.com/pacific-jules/2022/04/monday-18-april-2022-home-away-easter-addition.html,True
2022-04-22 21:33:00,Into the Water - The Quest for the Golden Fleece :: Bold and Beautiful,https://pacificjules.typepad.com/pacific-jules/2022/04/into-the-water-the-quest-for-the-golden-fleece.html,True
2022-04-22 21:33:00,For the love of a swim  :: Bold and Beautiful,https://pacificjules.typepad.com/pacific-jules/2022/04/for-the-love-of-a-swim.html,True
2022-04-22 21:33:00,Tuesday 12th April - Skies better than forecast :: Bold and Beautiful,https://pacificjules.typepad.com/pacific-jules/2022/04/tuesday-12th-april--1.html,True
2022-04-22 21:33:00,"Monday 11th April, 2022 - Welcome back Sharna + water quality checks. :: Bold and Beautiful",https://pacificjules.typepad.com/pacific-jules/2022/04/monday-11th-april-2022.html,True
2022-04-22 21:33:00,Friday 8 April 2022. No need for dark tinted goggles :: Bold and Beautiful,https://pacificjules.typepad.com/pacific-jules/2022/04/friday-8-april-2022-no-need-for-dark-tinted-goggles.html,True
2022-04-22 21:52:01,"Balgowlah author releases second Indigenous children’s book, co-written with AFL star Adam Goodes :: Manly Observer",https://manlyobserver.com.au/balgowlah-author-releases-second-indigenous-childrens-book-co-written-with-afl-star-adam-goodes/,True
2022-04-22 21:53:17,Frenchman finds Manly’s tropical delight :: Manly Observer,https://manlyobserver.com.au/frenchman-finds-manlys-tropical-delight/,True
2022-04-22 21:54:15,"Gotta think hard, maybe too hard – Heroes of the Fourth Turning :: Manly Observer",https://manlyobserver.com.au/gotta-think-hard-maybe-too-hard-heroes-of-the-fourth-turning/,True
2022-04-22 21:54:25,Manly Theatre Group is supporting local interest in theatre :: Manly Observer,https://manlyobserver.com.au/manly-theatre-group-is-supporting-local-interest-in-theatre/,True
2022-04-22 21:54:29,Food Review: Gur Taj Indian Restaurant Collaroy :: Manly Observer,https://manlyobserver.com.au/food-review-gur-taj-indian-restaurant-collaroy/,True
2022-04-22 21:54:29,A view over snacks or a lazy long lunch :: Manly Observer,https://manlyobserver.com.au/a-view-over-snacks-or-a-lazy-long-lunch/,True
2022-04-22 21:54:29,A Tel Aviv tapas bar in Brooky: Meet Fuel by Night :: Manly Observer,https://manlyobserver.com.au/a-tel-aviv-tapas-bar-in-brooky-meet-fuel-by-night/,True
2022-04-22 21:54:29,Food Review: Little Pearl Manly :: Manly Observer,https://manlyobserver.com.au/food-review-little-pearl-manly/,True
2022-04-22 21:54:29,Food Review: The Herring Room :: Manly Observer,https://manlyobserver.com.au/food-review-the-herring-room/,True
2022-04-22 21:54:29,A sea change needed to clean up Northern Beaches :: Manly Observer,https://manlyobserver.com.au/a-sea-change-needed-to-clean-up-northern-beaches/,True
2022-04-22 21:54:29,Parkinson’s Disease care and treatment funding cut to Northern Beaches :: Manly Observer,https://manlyobserver.com.au/parkinsons-disease-care-and-treatment-funding-cut-to-northern-beaches/,True
2022-04-22 21:54:29,Queensie Beach: Are we ever gonna see your face again? :: Manly Observer,https://manlyobserver.com.au/queensie-beach-are-we-ever-gonna-see-your-face-again/,True
2022-04-22 21:54:29,Northern Beaches in full bloom this Easter weekend :: Manly Observer,https://manlyobserver.com.au/northern-beaches-in-full-bloom/,True
2022-04-22 21:54:29,Up to two years jail now possible for Spit Bridge protests :: Manly Observer,https://manlyobserver.com.au/up-to-two-years-jail-now-possible-for-spit-bridge-protests/,True
2022-04-22 21:54:29,"Ukrainians fleeing war arrive, weary, into Northern Beaches homes :: Manly Observer",https://manlyobserver.com.au/ukrainians-fleeing-war-arrive-weary-into-northern-beaches-homes/,True
2022-04-22 21:54:29,Floodwaters return but community better prepared says SES :: Manly Observer,https://manlyobserver.com.au/floodwaters-return-but-community-better-prepared-says-ses/,True
2022-04-22 21:54:29,Local MP and Health Minister Brad Hazzard COVID positive :: Manly Observer,https://manlyobserver.com.au/local-mp-and-health-minister-brad-hazzard-covid-positive/,True
2022-04-22 21:54:29,‘We were laughing a bit at the time but when he came back on the ferry he said it was the scariest experience of his life’.  :: Manly Observer,https://manlyobserver.com.au/man-overboard-manly-ferry-we-were-laughing-a-bit-at-the-time-but-when-he-came-back-on-the-ferry-he-said-it-was-the-scariest-experience-of-his-life/,True
2022-04-22 21:54:29,Wakehurst Parkway works: What has actually been announced? :: Manly Observer,https://manlyobserver.com.au/wakehurst-parkway-works-what-has-actually-been-announced/,True
2022-04-22 21:54:29,Rallies to save Northern Beaches native bushland from developers :: Manly Observer,https://manlyobserver.com.au/rallies-to-save-northern-beaches-native-bushland-from-developers/,True
2022-04-22 21:54:29,Huge shark helps patrol local waters among wild weather and pollution closures :: Manly Observer,https://manlyobserver.com.au/huge-shark-helps-patrol-local-waters-among-wild-weather-and-pollution-closures/,True
2022-04-22 21:54:29,COVID on the Beaches: a summary of everything locally relevant :: Manly Observer,https://manlyobserver.com.au/covid/,True
2022-04-22 21:54:29,Body found near Clontarf is man missing after boat capsize :: Manly Observer,https://manlyobserver.com.au/body-found-in-clontarf-is-man-missing-after-boat-capsize/,True
2022-04-22 21:54:29,Dog missing from boat capsize found alive in cave :: Manly Observer,https://manlyobserver.com.au/search-and-rescue-operation-underway-in-manly/,True
2022-04-22 21:54:29,Northern Beaches surf in full flight :: Manly Observer,https://manlyobserver.com.au/northern-beaches-surf-in-full-flight/,True
2022-04-22 21:54:29,Manly aquarium flagged for demo as boardwalk revival bid gains ground :: Manly Observer,https://manlyobserver.com.au/manly-aquarium-flagged-for-demo-as-boardwalk-revival-bid-gains-ground/,True
2022-04-23 00:38:19,Pushy politics at the pub as media barred from Deves’ debut :: Manly Observer,https://manlyobserver.com.au/pushy-politics-at-the-pub-as-media-barred-from-deves-debut/,True
2022-04-24 13:38:47,Manly tourism initiative :: Manly Observer,https://www.northernbeachesadvocate.com.au/2022/03/22/manly-tourism-initiative/,True
2022-04-24 13:38:47,Stabbing at Manly :: Manly Observer,https://www.northernbeachesadvocate.com.au/2021/12/29/stabbing-at-manly/,True
2022-04-24 13:38:47,Plans for Manly Cove :: Manly Observer,https://www.northernbeachesadvocate.com.au/2021/12/16/plans-for-manly-cove/,True
2022-04-24 13:38:47,Manly arrest over stabbing :: Manly Observer,https://www.northernbeachesadvocate.com.au/2021/12/13/manly-arrest-over-stabbing/,True
2022-04-24 13:38:47,Manly Fire Station reopens :: Manly Observer,https://www.northernbeachesadvocate.com.au/2021/12/10/manly-fire-station-reopens/,True
2022-04-24 13:38:47,Manly medical emergency :: Manly Observer,https://www.northernbeachesadvocate.com.au/2021/11/20/manly-medical-emergency/,True
2022-04-24 13:38:47,Manly: 1-hour parking :: Manly Observer,https://www.northernbeachesadvocate.com.au/2021/07/23/manly-one-hour-parking/,True
2022-04-24 13:38:47,Manly party pooped :: Manly Observer,https://www.northernbeachesadvocate.com.au/2021/07/16/manly-party-pooped/,True
2022-04-24 12:13:41,Teens arrested in Seaforth after alleged burglary and high-speed car chase in stolen car :: Manly Observer,https://manlyobserver.com.au/teens-arrested-in-seaforth-after-alleged-burglary-and-high-speed-car-chase-in-stolen-car/,True
2022-04-25 00:36:28,Mon 25th: ANZAC on the Beaches :: Bold and Beautiful,https://pacificjules.typepad.com/pacific-jules/2022/04/mon-25th-anzac-on-the-beaches.html,True
2022-04-28 04:11:47,M I X :: Sprout Daily,https://www.sproutdaily.com/the-daily/27-apr-22,True
2022-04-28 04:11:47,S L O W :: Sprout Daily,https://www.sproutdaily.com/the-daily/26-apr-22,True
2022-04-28 04:11:48,Wednesday 27th April: Jelly Wrestling ... :: Bold and Beautiful,https://pacificjules.typepad.com/pacific-jules/2022/04/wednesday-27th-april-jelly-wrestling-continues.html,True
2022-04-28 04:11:48,26/04/2022 - Underwater Volleyball Champs start next week! :: Bold and Beautiful,https://pacificjules.typepad.com/pacific-jules/2022/04/26042022-.html,True
2022-04-28 04:11:52,Bus drivers make a B-line for the exit :: Manly Observer,https://manlyobserver.com.au/bus-drivers-make-a-b-line-for-the-exit/,True
2022-04-28 04:11:52,Refuge flagged for Manly’s pedestrian danger zone on Pittwater Road :: Manly Observer,https://manlyobserver.com.au/refuge-flagged-for-manlys-pedestrian-danger-zone-on-pittwater-road/,True
2022-04-28 04:11:54,Woman struck at Manly :: Northern Beaches Advocate,https://www.northernbeachesadvocate.com.au/2022/04/26/woman-struck-at-manly/,True
2022-04-28 12:15:15,Community P.O’d over missing Manly mailhouse :: Manly Observer,https://manlyobserver.com.au/community-p-od-over-missing-manly-mailhouse/,True
2022-04-29 00:40:49,Sieve  :: Sprout Daily,https://www.sproutdaily.com/the-daily/29-apr-22,True
2022-04-29 12:14:43,Seven Worlds will Collide  :: Bold and Beautiful,https://pacificjules.typepad.com/pacific-jules/2022/04/seven-worlds-will-collide-.html,True
2022-04-29 13:46:40,Bizarre moment man JUMPS off a ferry into Sydney Harbour and then refuses to get out of the water before being forced back to shore,https://www.dailymail.co.uk/news/article-10742379/Bizarre-moment-man-JUMPS-ferry-Sydney-Harbour-refuses-out.html,True
04-03-2022 04:55:08,"Deadman’s Apr 2, late afternoon raw footage. :: DeanCarrot",https://www.youtube.com/watch?v=RXT5nntc5_k,True
04-03-2022 01:25:13,"Deadman’s Manly midday Apr 2, :: DeanCarrot",https://www.youtube.com/watch?v=NqrUrWUsTQs,True
04-02-2022 13:16:35,Winkipop Manly March 30 2022 :: DeanCarrot,https://www.youtube.com/watch?v=Oh8JjgWNzC8,True
03-08-2022 10:42:15,Surfing Manly March 8 2022 :: DeanCarrot,https://www.youtube.com/watch?v=btRwFxbppPM,True
01-18-2022 11:07:39,Surfing Manly beach Jan 17 2022 :: DeanCarrot,https://www.youtube.com/watch?v=A_4Z9QEqjVY,True
10-05-2021 00:46:32,Surfers of Manly Rip Bowl Oct 5 21 :: DeanCarrot,https://www.youtube.com/watch?v=EI22w2DXWMw,True
07-17-2021 04:09:52,Surfers of Manly July 16 :: DeanCarrot,https://www.youtube.com/watch?v=NRqfxp7XGuw,True
07-15-2021 09:48:09,Surfers of Manly - Rip Bowl July 21 :: DeanCarrot,https://www.youtube.com/watch?v=IETndu9Z2nc,True
06-28-2021 09:45:13,Surfers of Manly - 26/6/21 :: DeanCarrot,https://www.youtube.com/watch?v=1VUCriPwhvI,True
03-05-2022 10:03:02,MANLY SURF - FAIRY BOWER REEF | March 05th 2022 | Raw footage :: MANLY SURF TV,https://www.youtube.com/watch?v=n7a3Tl-7r5s,True
02-05-2022 07:31:31,MANLY SURF | Like a saturday | February 05th 2022 | Raw :: MANLY SURF TV,https://www.youtube.com/watch?v=T2TER76u8qE,True
01-16-2022 09:53:53,MANLY SURF - PERFECT WAVES | January 16th 2022 | Raw footage :: MANLY SURF TV,https://www.youtube.com/watch?v=Tav4WETVKdk,True
2022-05-01 16:03:17,Teen rescued from Sydney Harbour after falling from ferry,https://www.9news.com.au/national/manly-ferry-sydney-teen-rescued-falling-into-harbour-swell/9cde56ef-5fa9-4138-b4bd-9c8b7ee8898c,True
2022-05-01 16:03:17,"Breaking news and updates Australia: March 18, 2022",https://www.9news.com.au/national/russia-ukraine-war-crisis-nsw-queensland-flood-updates-live-updates-latest-breaking-news-headlines-march-18-2022/2125a92e-5562-49fe-94c7-bcc5a4b767fa,True
2022-05-01 16:03:17,"Breaking news and updates Australia: March 17, 2022",https://www.9news.com.au/national/russia-ukraine-war-crisis-nsw-queensland-flood-updates-live-updates-latest-breaking-news-headlines-march-17-2022/8afc24e1-c6f0-44ca-96ea-b0db949f7ef2,True
2022-05-01 16:03:17,"Breaking news and updates Australia: March 16, 2022",https://www.9news.com.au/national/russia-ukraine-war-crisis-nsw-queensland-flood-updates-live-updates-latest-breaking-news-headlines-march-16-2022/aa10e01c-b251-4bc5-a4ef-3aee7a905c1e,True
2022-05-01 16:03:17,"Breaking news and updates Australia: March 15, 2022",https://www.9news.com.au/national/russia-ukraine-war-crisis-nsw-queensland-flood-updates-live-updates-latest-breaking-news-headlines-march-15-2022/a4669f36-82bc-4ab0-b2ee-7a72908b74d3,True
2022-05-01 16:03:17,"Breaking news and updates Australia: March 14, 2022",https://www.9news.com.au/national/russia-ukraine-war-crisis-nsw-queensland-flood-updates-live-updates-latest-breaking-news-headlines-march-14-2022/9b6e5d4a-2117-40ed-8ea4-a1ce17a2a7e4,True
2022-05-01 16:03:17,Probe into bus filmed driving through floods up to windscreen ,https://www.9news.com.au/national/nsw-floods-northern-beaches-bus-drives-through-deep-water/fda88cf5-e550-4540-9d45-e66568f2975f,True
2022-05-01 16:03:17,"Breaking news and updates Australia: March 11, 2022",https://www.9news.com.au/national/russia-ukraine-war-crisis-nsw-queensland-flood-updates-live-updates-latest-breaking-news-headlines-march-11-2022/a61b67b9-e925-45fe-bdb4-23bf62419eeb,True
2022-05-01 16:03:17,"Breaking news and updates Australia: March 10, 2022",https://www.9news.com.au/national/russia-ukraine-war-crisis-nsw-queensland-flood-updates-live-updates-latest-breaking-news-headlines-march-10-2022/4791b1c1-458c-49e0-ba16-8333adca17da,True
2022-05-01 16:03:17,"Breaking news and updates Australia: March 9, 2022",https://www.9news.com.au/national/russia-ukraine-war-crisis-nsw-queensland-flood-updates-live-updates-latest-breaking-news-headlines-march-9-2022/225c8651-834a-4631-9461-048e5c23ce9d,True
2022-05-01 16:03:17,Historic former Manly ferry sinks in Sydney Harbour,https://www.9news.com.au/national/sydney-news-historic-former-manly-ferry-sinks-in-sydney-harbour/d4a26168-379f-4de0-9e73-c3dbf26c6b0a,True
2022-05-01 16:03:17,Michael Slater charged with allegedly breaching AVO,https://www.9news.com.au/national/michael-slater-charged-with-allegedly-breaching-avo/6bd20640-253d-456d-9029-de30f45a99ad,True
2022-05-01 16:03:17,Former cricketer Michael Slater charged over alleged DV incident,https://www.9news.com.au/national/former-cricketer-michael-slater-arrested-over-alleged-domestic-violence-incident/a98d260d-53e7-47ca-9f1d-0cb7958cb776,True
2022-05-01 16:03:17,Manly ferry takes final trip across Sydney Harbour,https://www.9news.com.au/national/manly-ferry-queenscliff-being-retired-final-journey/5df57eb6-d9e1-464c-8362-08c21ee09333,True
2022-05-01 16:03:17,Manly hotel and apartment block in lockdown due to COVID-19 outbreak,https://www.9news.com.au/national/sydney-coronavirus-update-manly-apartment-block-locked-down-positive-cases/68c1546b-efa0-43b8-b8e8-2286378115b4,True
2022-05-01 16:03:17,Police called to break up huge crowds at Bondi and Manly ,https://www.9news.com.au/national/police-forced-to-move-on-massive-crowds-at-bondi-and-manly/86ac6557-ef1a-4d38-b54f-12e96e9fc561,True
2022-05-01 16:03:17,Sydneysiders picnic by beaches amid new rules for vaccinated,https://www.9news.com.au/national/coronavirus-updates-nsw-sydney-bondi-beach-picnics/a8d4c5ea-1015-4372-a658-8ea4ab11ed52,True
2022-05-01 16:03:17,Sydneysiders flock to the beach as temperatures soar,https://www.9news.com.au/national/sydneysiders-flock-to-beaches-as-temperatures-soar/00b0cda9-7dfe-4358-be6a-944b835913c5,True
2022-05-01 16:03:17,Positive traces of COVID-19 found in Sydney sewerage,https://www.9news.com.au/national/coronavirus-detected-in-sydney-sewerage-allambie-heights-northern-beaches-manly-narrabeen-dee-why-collaroy-curl-curl-frenches-forrest/e6ba47bc-796d-45c6-a979-3144f225ab77,True
2022-05-01 16:03:17,Sydney residents protest proposed offshore oil drilling on NSW coast ,https://www.9news.com.au/national/sydney-surfers-protest-offshore-oil-drilling-nsw-coast-northern-beaches/f12803e3-3bf0-4f35-a2f9-d089fccd4d85,True
2022-05-01 16:03:17,Boy critical after being hit by car on Sydney's northern beaches,https://www.9news.com.au/national/boy-hit-by-car-manly-pittwater-road-sydney-nothern-beaches/ae4c642d-1f75-4d2e-bd48-f9e3fd6c66ed,True
2022-05-01 16:03:17,Man hospitalised after collapsing on Sydney beach,https://www.9news.com.au/national/sydney-man-collapses-on-shore-shelley-beach-manly-nsw-drownings/26cbf46e-09e2-4bb0-885c-1a9816fe086e,True
2022-05-01 16:03:17,NRL player Dylan Walker charged over alleged assault,https://www.9news.com.au/national/dylan-walker-charged-after-alleged-assault-narraweena-northern-beaches/14477bb8-616f-43b5-abd5-5e07841b09f7,True
2022-05-01 16:03:17,Police accused of 'inaction' over grandfather missing from Sydney ferry,https://www.9news.com.au/national/sydney-missing-grandfather-manly-ferry-overboard-fears-police-criticised-nsw-news/7ad2ac09-fc21-4919-b1e4-9f7389e142c0,True
2022-05-01 16:03:17,Warm temperatures test social distancing in Sydney ,https://www.9news.com.au/national/weather-forecast-nsw-warm-temperatures-test-coronavirus-social-distancing-sydney-bondi-bay-run-manly/ae99a0e2-c825-4658-96bd-c3d2daef54d4,True
2022-05-01 16:03:17,Manly ferry struggles in high seas on Sydney Harbour,https://www.9news.com.au/national/manly-ferry-drone-video-shows-rough-seas-as-wild-weather-hits-sydney-and-nsw-east-coast/d9c0b5a1-4130-404c-9cdc-cbd70a37e275,True
2022-05-01 16:03:17,Why Manly is the slowest suburb in NSW,https://www.9news.com.au/national/speed-limits-reduced-safety-manly-sydney/6c59dd73-add2-437f-81ce-d6388b437063,True
2022-05-01 16:03:17,Former TV presenter Ryan Phelan in court on domestic violence charges ,https://www.9news.com.au/national/ryan-phelan-pleads-not-guilty-to-domestic-violence-charges-at-manly-local-court/72003d62-9b7d-440e-9a02-27a1dd5cdc7f,True
2022-05-01 16:03:17,Woman dies after accident in WWII bunker on walking track,https://www.9news.com.au/national/woman-dies-after-fall-manly-northern-beaches-sydney-nsw/6b425301-0549-4277-b01c-e536b1030a8c,True
2022-05-01 16:03:17,"Teens on bail after 'knocking over, mugging policeman'",https://www.9news.com.au/national/sydney-police-officer-mugged-northern-beach-mcdonalds-four-teenagers-arrested/68987bd5-3a39-4a47-a345-4fda070a0470,True
2022-05-01 16:03:17,"Two new deaths in NSW, as 13 hotspots named",https://www.9news.com.au/national/coronavirus-two-new-covid-19-deaths-nsw-hotspots-named/a13606be-a265-419c-b7b7-d834f240d22c,True
2022-05-01 16:03:17,Hundreds gather on Gold Coast despite coronavirus warnings,https://www.9news.com.au/national/coronavirus-manly-beach-closed-as-residents-flout-social-distancing-laws/1e533c33-84f5-4633-b9e6-ac01ee43c106,True
2022-05-01 16:03:17,Reward over suspected gay hate crime murder doubled to $2 million  ,https://www.9news.com.au/national/scott-johnson-reward-doubles-2-million-in-hope-cold-case-breakthrough/43fd7c19-b997-411f-880a-e58c6212db35,True
2022-05-01 16:03:17,Sydney neighbour's $120k defamation payout over 'busybody' comment overturned,https://www.9news.com.au/national/manly-apartment-defamation-payout-gary-raynor-sued-patricia-murray-overturned-sydney-news/24ca00b8-85c2-43a3-a80d-15df6048b630,True
2022-05-01 16:03:17,Wife of ex-NRL player fined over unrestrained toddler cover-up,https://www.9news.com.au/national/john-hopoate-wife-in-court-over-unrestrained-toddler-car-video-nrl-news/4a3ccaa4-0dcd-4b9b-ae62-dc9457581a04,True
2022-05-01 16:03:17,Authorities confirm Manly swimmer was attacked by a shark,https://www.9news.com.au/national/man-attacked-by-shark-at-manly-beach-sydney-news/a795fc0f-0863-49ef-ac78-85c4ae5a9c46,True
2022-05-01 16:03:17,'He’s scaring me': Distressing video of NRL star's arrest,https://www.9news.com.au/national/dylan-walker-disturbing-video-shows-night-manly-player-arrested-for-domestic-violence/367b4725-5a4e-40c2-a5d3-2c0ff4c315df,True
2022-05-01 16:03:17,Two arrested after North Sydney suburbs placed in lockdown ,https://www.9news.com.au/national/manly-vale-sydney-suburb-lock-down-police-operation/d4ab02aa-7748-4068-b94e-98959b3ed83b,True
2022-05-02 12:15:31,Family of gay man found at the bottom of a Sydney cliff in a hate crime that was originally dismissed as suicide speak out about their 34-year-long fight for justice,https://www.dailymail.co.uk/news/article-10774151/A-family-fighting-justice-death-brother.html,True
2022-05-02 12:15:38,Routine  :: Sprout Daily,https://www.sproutdaily.com/the-daily/2-may-22,True
2022-05-02 12:15:38,"Monday, 2 May 2022 - What a day to be alive! :: Bold and Beautiful",https://pacificjules.typepad.com/pacific-jules/2022/05/monday-2-may-2022-what-a-day-to-be-alive.html,True
2022-05-02 12:15:51,Tragic death at Manly :: Northern Beaches Advocate,https://www.northernbeachesadvocate.com.au/2022/05/02/tragic-death-at-manly/,True
2022-05-03 00:41:39,Tuesday 3rd May - Sunny days :: Bold and Beautiful,https://pacificjules.typepad.com/pacific-jules/2022/05/tuesday-3rd-may-sunny-days.html,True
2022-05-03 00:41:43,The only way is up: further rate rises on the agenda for Northern Beaches residents :: Manly Observer,https://manlyobserver.com.au/the-only-way-is-up-further-rate-rises-on-the-agenda-for-northern-beaches-residents/,True
2022-05-03 12:16:50,Allure  :: Sprout Daily,https://www.sproutdaily.com/the-daily/3-may-22,True
2022-05-04 00:42:03,A River runs through me  :: Bold and Beautiful,https://pacificjules.typepad.com/pacific-jules/2022/05/a-river-runs-through-me.html,True
2022-05-04 12:16:52,Erosion solutions: Council’s options for Narrabeen Lagoon entrance :: Manly Observer,https://manlyobserver.com.au/erosion-solutions-councils-options-for-narrabeen-lagoon-entrance/,True
2022-05-05 00:42:17,A Day Late :: Sprout Daily,https://www.sproutdaily.com/the-daily/5-may-22,True
2022-05-05 12:16:31,Truck loses control in Beacon Hill Road crash; nine impacted :: Manly Observer,https://manlyobserver.com.au/truck-loses-control-in-beacon-hill-road-crash-nine-impacted/,True
2022-05-05 12:16:33,Stabbing incident at Manly :: Northern Beaches Advocate,https://www.northernbeachesadvocate.com.au/2022/05/05/stabbing-incident-at-manly/,True
2022-05-06 00:38:21,3 Days :: Sprout Daily,https://www.sproutdaily.com/the-daily/6-may-22,True
2022-05-06 12:14:54,Friday 6 May 2022 Returning :: Bold and Beautiful,https://pacificjules.typepad.com/pacific-jules/2022/05/friday-6-may-2022-returning.html,True
2022-05-06 12:14:58,Where to spoil mum this Mother’s Day :: Manly Observer,https://manlyobserver.com.au/where-to-spoil-mum-this-mothers-day/,True
2022-05-07 00:38:09,Dee Why Strand one-way trial: shrunken road still dividing community :: Manly Observer,https://manlyobserver.com.au/dee-why-strand-one-way-trial-shrunken-road-still-dividing-community/,True
2022-05-07 12:14:11,Don’t miss An American In Paris. C’est fantastique! :: Manly Observer,https://manlyobserver.com.au/dont-miss-an-american-in-paris-cest-fantastique/,True
2022-05-09 00:42:23,Transition  :: Sprout Daily,https://www.sproutdaily.com/the-daily/9-may-22,True
2022-05-09 00:42:23,Monday 9th May 2022 - Wet but warmer in the water. :: Bold and Beautiful,https://pacificjules.typepad.com/pacific-jules/2022/05/monday-9th-may-2022-wet-but-warm.html,True
2022-05-10 12:18:38,10/05/2022 - Cuttlefish Disguises and Swimmers Smiles :: Bold and Beautiful,https://pacificjules.typepad.com/pacific-jules/2022/05/10052022-.html,True
2022-05-11 12:18:52,11-05-22: Wild and woolly!! :: Bold and Beautiful,https://pacificjules.typepad.com/pacific-jules/2022/05/11-05-22-rugged.html,True
2022-05-12 00:42:41,Youth :: Sprout Daily,https://www.sproutdaily.com/the-daily/12-may-22,True
2022-05-13 12:21:23,Pro :: Sprout Daily,https://www.sproutdaily.com/the-daily/13-may-22,True
2022-05-13 12:21:23,The Temper of the Time :: Bold and Beautiful,https://pacificjules.typepad.com/pacific-jules/2022/05/the-temper-of-the-time.html,True
2022-05-13 12:21:28,Love in the fast lane: introducing Solo at the Bowlo :: Manly Observer,https://manlyobserver.com.au/love-in-the-fast-lane-introducing-solo-at-the-bowlo/,True
2022-05-15 12:14:43,Somewhere on a South Pacific Island :: Bold and Beautiful,https://pacificjules.typepad.com/pacific-jules/2022/05/somewhere-on-a-south-pacific-island.html,True
2022-05-15 12:14:47,It all started on the beaches for  Moulin Rouge villain :: Manly Observer,https://manlyobserver.com.au/it-all-started-on-the-beaches-for-moulin-rouge-villain/,True
2022-05-15 12:14:47,Uncovering the weird and wonderful world of wildlife rescue on the Beaches :: Manly Observer,https://manlyobserver.com.au/uncovering-the-weird-and-wonderful-world-of-wildlife-rescue-on-the-beaches/,True
2022-05-15 12:14:47,Falinski office graffitist steps forward to deny links :: Manly Observer,https://manlyobserver.com.au/falinski-office-graffitist-steps-forward-to-deny-links/,True
2022-05-16 00:41:55,Mon 16th: What Fish is That? :: Bold and Beautiful,https://pacificjules.typepad.com/pacific-jules/2022/05/mon-16th-what-fish-is-that.html,True
2022-05-16 12:17:28,Loggers :: Sprout Daily,https://www.sproutdaily.com/the-daily/16-may-22,True
2022-05-17 00:41:26,"May 17th TuesYay, what a day! :: Bold and Beautiful",https://pacificjules.typepad.com/pacific-jules/2022/05/may-17th-tuesyay-what-a-day-1.html,True
2022-05-18 00:36:07,"Leeches latch onto the Northern Beaches, but make the perfect pet :: Manly Observer",https://manlyobserver.com.au/leeches-latch-onto-the-northern-beaches-but-make-the-perfect-pet/,True
2022-05-18 12:16:45,Wednesday 18th May - wonderful windless waveless Wednesday & Cuttlefish choreography :: Bold and Beautiful,https://pacificjules.typepad.com/pacific-jules/2022/05/wednesday-18th-may-cuttlefish-take-over-the-bay.html,True
2022-05-19 12:15:47,Beaches breweries’ crafty creations on tap in top beer festival :: Manly Observer,https://manlyobserver.com.au/beaches-breweries-crafty-creations-on-tap-in-top-beer-festival/,True
2022-05-19 12:15:47,Federal Election 2022: Warringah and Mackellar Need to Know Info :: Manly Observer,https://manlyobserver.com.au/federal-election-2022-warringah-and-mackellar-need-to-know-info/,True
2022-05-20 12:15:26,Today was the wrong day to stay in bed.... :: Bold and Beautiful,https://pacificjules.typepad.com/pacific-jules/2022/05/today-was-the-wrong-day-to-stay-in-bed.html,True
2022-05-22 00:41:31,"Steggall, Scamps claim Northern Beaches seats in historic win :: Manly Observer",https://manlyobserver.com.au/federal-election-results/,True
2022-05-22 12:14:40,Recovering from last night :: Bold and Beautiful,https://pacificjules.typepad.com/pacific-jules/2022/05/recovering-from-last-night.html,True
2022-05-23 00:41:50,Monday 23rd May 2022 - A warm 21.6 degrees in the water! :: Bold and Beautiful,https://pacificjules.typepad.com/pacific-jules/2022/05/monday-23rd-may-2022-.html,True
2022-05-23 12:16:01,Contestable  :: Sprout Daily,https://www.sproutdaily.com/the-daily/23-may-22,True
2022-05-24 00:45:26,24/05/2022 -  :: Bold and Beautiful,https://pacificjules.typepad.com/pacific-jules/2022/05/24052022-.html,True
2022-05-24 12:16:31,Finals Day :: Sprout Daily,https://www.sproutdaily.com/the-daily/24-may-22,True
2022-05-24 12:16:37,"Manly Hop Skip Bus on the Jump, but has a stay of execution :: Manly Observer",https://manlyobserver.com.au/manly-hop-skip-bus-on-the-jump-but-has-a-stay-of-execution/,True
2022-05-25 00:45:45,Flying the BnB flag high  :: Bold and Beautiful,https://pacificjules.typepad.com/pacific-jules/2022/05/my-entry.html,True
2022-05-25 12:18:00,Mixed Bag :: Sprout Daily,https://www.sproutdaily.com/the-daily/25-may-22,True
2022-05-26 00:43:44,Hello Sunshine :: Sprout Daily,https://www.sproutdaily.com/the-daily/26-may-22,True
2022-05-26 12:15:38,Possible child abduction attempt on the Northern Beaches has parents rattled :: Manly Observer,https://manlyobserver.com.au/possible-child-abduction-attempt-on-the-northern-beaches-has-parents-rattled/,True
2022-05-27 00:42:56,Taste of Manly moves (back) to The Corso :: Manly Observer,https://manlyobserver.com.au/taste-of-manly-moves-to-the-corso/,True
2022-05-27 12:17:19,A Bakers Delight :: Bold and Beautiful,https://pacificjules.typepad.com/pacific-jules/2022/05/a-bakers-delight.html,True
2022-05-29 12:14:26,Easy Like Sunday Morning :: Bold and Beautiful,https://pacificjules.typepad.com/pacific-jules/2022/05/easy-like-sunday-morning.html,True
2022-05-30 00:47:27,Brrrrr :: Sprout Daily,https://www.sproutdaily.com/the-daily/30-may-22,True
2022-05-30 00:47:28,Monday 29th May - Water 19.9 - Sunrise 6:50 :: Bold and Beautiful,https://pacificjules.typepad.com/pacific-jules/2022/05/monday-29th-may.html,True
2022-05-30 12:15:45,Wild Lights at Taronga :: Manly Observer,https://manlyobserver.com.au/wild-nights-at-taronga/,True
2022-05-31 00:42:43,Inviting :: Sprout Daily,https://www.sproutdaily.com/the-daily/31-may-22,True
2022-05-31 00:42:44, Tuesday 31st - Arctic blast not here yet! :: Bold and Beautiful,https://pacificjules.typepad.com/pacific-jules/2022/05/tuesday-31st-arctic-winds.html,True
2022-06-01 00:48:29,On Cue :: Sprout Daily,https://www.sproutdaily.com/the-daily/1-jun-22,True
2022-06-01 12:18:31,North Manly businesses kicked out for wrong zoning after 10 to 20 years without issue :: Manly Observer,https://manlyobserver.com.au/zoned-out-in-zone-doubt-manly-trainers-to-survive/,True
2022-06-01 12:18:31,"Lifeline Northern Beaches is itself in crisis – we, the community, need to step up :: Manly Observer",https://manlyobserver.com.au/lifeline-northern-beaches-is-itself-in-crisis-we-the-community-need-to-step-up/,True
2022-06-02 00:49:45,Fresh Energy  :: Sprout Daily,https://www.sproutdaily.com/the-daily/2-jun-22,True
2022-06-02 00:49:46,"Thursday, 2 June 2022 - Happy Birthday, CTBAR! :: Bold and Beautiful",https://pacificjules.typepad.com/pacific-jules/2022/06/thursday-2-june-2022-happy-birthday-ctbar.html,True
2022-06-03 12:15:08,Early Birds :: Sprout Daily,https://www.sproutdaily.com/the-daily/3-jun-22,True
2022-06-03 12:15:09,Friday 3 June 2022 Always look on the bright side of [sea]life :: Bold and Beautiful,https://pacificjules.typepad.com/pacific-jules/2022/06/friday-3-june-2022.html,True
2022-06-06 00:40:40,Zero :: Sprout Daily,https://www.sproutdaily.com/the-daily/6-jun-22,True
2022-06-06 12:16:13,"Monday 6 June 2022 - 19.0 degrees, beautiful light. :: Bold and Beautiful",https://pacificjules.typepad.com/pacific-jules/2022/06/monday-6-june-2022-.html,True
2022-06-07 12:15:32,07/06/2022 - World Ocean Day tomorrow and CTB top of the list! :: Bold and Beautiful,https://pacificjules.typepad.com/pacific-jules/2022/06/07062022-.html,True
2022-06-07 12:15:38,Cloudy start for Manly residents :: Manly Observer,https://manlyobserver.com.au/cloudy-start-for-manly-residents/,True
2022-06-08 00:41:11,Holey heck: hundreds of potholes still awaiting repairs on Beaches roads :: Manly Observer,https://manlyobserver.com.au/holey-hell-hundreds-of-potholes-still-awaiting-repairs-on-beaches-roads/,True
2022-06-08 12:17:10,Wednesday 8th June - we love a magical Sydney winter.... cool air & warmth of friendship :: Bold and Beautiful,https://pacificjules.typepad.com/pacific-jules/2022/06/wednesday-8th-june-we-love-a-sydney-winter.html,True
2022-06-08 12:17:15,Moulin Rouge! The Musical :: Manly Observer,https://manlyobserver.com.au/moulin-rouge-the-musical/,True
2022-06-08 12:17:15,BPH Energy appeal for judicial review over PEP11 offshore gas drilling ban :: Manly Observer,https://manlyobserver.com.au/bph-energy-appeal-for-judicial-review-over-pep11-offshore-gas-drilling-ban/,True
2022-06-09 12:17:15,188˚ :: Sprout Daily,https://www.sproutdaily.com/the-daily/9-jun-22,True
2022-06-10 00:44:41,Fluky  :: Sprout Daily,https://www.sproutdaily.com/the-daily/10-jun-22,True
2022-06-10 12:16:01,How do you keep your toes warm? :: Bold and Beautiful,https://pacificjules.typepad.com/pacific-jules/2022/06/how-do-you-keep-your-toes-warm.html,True
2022-06-10 12:16:05,NSW Heritage to commemorate Hawaiian surfing legend Duke Kahanamoku at Freshwater :: Manly Observer,https://manlyobserver.com.au/duke-plaque/,True
2022-06-10 12:16:05,Straight answers hard to come by in Northern Beaches Tunnel future :: Manly Observer,https://manlyobserver.com.au/straight-answers-hard-to-come-by-in-northern-beaches-tunnel-future/,True
2022-06-11 12:13:49,Ingleside housing development scheme cancelled :: Manly Observer,https://manlyobserver.com.au/ingleside-housing-development-scheme-cancelled/,True
2022-06-12 12:12:51,Locals size up monster waves as low pressure system makes a splash :: Manly Observer,https://manlyobserver.com.au/39577-2/,True
2022-06-13 00:45:25,"Monday, 13 June 2022 - Long weekend bliss :: Bold and Beautiful",https://pacificjules.typepad.com/pacific-jules/2022/06/monday-13-june-2022-long-weekend-bliss.html,True
2022-06-14 00:55:44,Mum details horror moment she discovered her baby's room was on fire with the infant inside - as warns others about the dangers of the common household item that caused the blaze,https://www.dailymail.co.uk/news/article-10911333/Mum-details-horror-moment-discovered-babys-room-fire-heard-coughing.html,True
2022-06-14 12:15:13,Tuesday June 14th - Endless sunny days :: Bold and Beautiful,https://pacificjules.typepad.com/pacific-jules/2022/06/tuesday-june-14th.html,True
2022-06-15 00:47:17,Day 8 :: Sprout Daily,https://www.sproutdaily.com/the-daily/15-jun-22,True
2022-06-15 00:47:18,Like Swimming Into an Oil Painting  :: Bold and Beautiful,https://pacificjules.typepad.com/pacific-jules/2022/06/like-swimming-into-an-oil-painting.html,True
2022-06-15 12:14:58,New north whales as migration season underway :: Manly Observer,https://manlyobserver.com.au/new-north-whales-as-migration-season-underway/,True
2022-06-16 00:43:29,20˚ :: Sprout Daily,https://www.sproutdaily.com/the-daily/16-jun-22,True
2022-06-16 12:15:54,Quilting for Lismore flood victims :: Manly Observer,https://manlyobserver.com.au/quilting-for-lismore-flood-victims/,True
2022-06-16 12:15:54,"Balgowlah Bowlo not too noisy, investigation finds :: Manly Observer",https://manlyobserver.com.au/balgowlah-bowling-club/,True
2022-06-17 12:16:28,Friday 17 June 2022 - What better way to start a Friday :: Bold and Beautiful,https://pacificjules.typepad.com/pacific-jules/2022/06/friday-17-june-2022-what-better-way-to-start-a-friday.html,True
2022-06-19 00:43:22,Manly kayak rescue :: Northern Beaches Advocate,https://www.northernbeachesadvocate.com.au/2022/06/19/manly-kayak-rescue/,True
06-20-2022 10:45:47,"Deadman’s Manly, July 12 2022 Late afternoon high tide :: DeanCarrot",https://www.youtube.com/watch?v=HZYMNNaWOkM,True
2022-06-20 12:20:42,All Sorts :: Sprout Daily,https://www.sproutdaily.com/the-daily/20-jun-22,True
2022-06-21 00:43:38,Tuesday June 21st  - winter solstice  :: Bold and Beautiful,https://pacificjules.typepad.com/pacific-jules/2022/06/tuesday-june-21st-winter-solstice.html,True
2022-06-21 12:21:34,Stacked :: Sprout Daily,https://www.sproutdaily.com/the-daily/21-jun-22,True
2022-06-22 00:47:04,Wed 22nd: Dark Side of the Blog :: Bold and Beautiful,https://pacificjules.typepad.com/pacific-jules/2022/06/wed-22nd-flat-as-a-tack.html,True
2022-06-24 00:43:00,Yesterday // Today :: Sprout Daily,https://www.sproutdaily.com/the-daily/24-jun-22,True
2022-06-24 12:17:17,King of the Mountain :: Bold and Beautiful,https://pacificjules.typepad.com/pacific-jules/2022/06/king-of-the-mountain.html,True
2022-06-26 12:14:06,More than 4000 Sydney homes without power ,https://www.9news.com.au/national/more-than-4000-homes-without-power-in-manly/a5b7d455-10bf-457b-b0a5-fb2c462bb44d,True
2022-06-26 12:14:12,Substation flooding a likely cause of Manly blackout :: Manly Observer,https://manlyobserver.com.au/manly-blackouts-in-doubt-as-most-traders-continue-while-some-were-disconnected/,True
2022-06-27 12:17:39,Ramp Up :: Sprout Daily,https://www.sproutdaily.com/the-daily/27-jun-22,True
2022-06-27 12:17:40,Monday 27th June 2022 - Portrait of the B&B  :: Bold and Beautiful,https://pacificjules.typepad.com/pacific-jules/2022/06/monday-27th-june-2022-portrait-of-the-bb.html,True
2022-06-27 12:17:43,Welcome to whales Indigenous ceremony at Avalon :: Manly Observer,https://manlyobserver.com.au/welcome-to-whales-indigenous-ceremony-at-avalon/,True
2022-06-28 00:45:14,Tuesday June 28th - Gone is the sunshine  :: Bold and Beautiful,https://pacificjules.typepad.com/pacific-jules/2022/06/tuesday-june-28th-gone-is-the-sunshine.html,True
2022-06-29 12:14:25,N I C E :: Sprout Daily,https://www.sproutdaily.com/the-daily/29-jun-22,True
2022-06-29 12:14:25,Wednesday 29th June… the contradictions of winter swimming & ramp-walk farshun   :: Bold and Beautiful,https://pacificjules.typepad.com/pacific-jules/2022/06/wednesday-29th-june.html,True
2022-06-29 12:14:29,Beaches businesses fight for fairer fees for outdoor dining :: Manly Observer,https://manlyobserver.com.au/beaches-businesses-fight-for-fairer-fees-for-outdoor-dining/,True
2022-06-29 12:14:29,Popular community bus service won’t be skipped :: Manly Observer,https://manlyobserver.com.au/popular-community-bus-service-wont-be-skipped/,True
2022-06-30 00:41:35,Patchy  :: Sprout Daily,https://www.sproutdaily.com/the-daily/30-jun-22,True
2022-06-30 12:17:17,Ochre Woman – artist Heidi Lee Warta’s portraits of Indigenous women of the Northern Beaches :: Manly Observer,https://manlyobserver.com.au/ochre-woman-artist-heidi-lee-wartas-portraits-of-indigenous-women-of-the-northern-beaches/,True
2022-07-01 00:50:08,Friday 1 July 2022 Swimming in the rain :: Bold and Beautiful,https://pacificjules.typepad.com/pacific-jules/2022/07/friday-1-july-2022-swimming-in-the-rain.html,True
2022-07-01 12:16:27,"Cheques in the mail, says Aus Post over Manly reopening :: Manly Observer",https://manlyobserver.com.au/australia-post-checks-in-the-mail-for-manly-again/,True
2022-07-04 00:51:16,"Monday, 4 July 2022 – Mother Nature recommends a coffee walk this morning  :: Bold and Beautiful",https://pacificjules.typepad.com/pacific-jules/2022/07/monday-4-july-2022-mother-nature-recommends-a-coffee-walk-this-morning-.html,True
2022-07-04 12:17:37,Madama Butterfly takes off with spectacular digital wings :: Manly Observer,https://manlyobserver.com.au/madama-butterfly-takes-off-with-spectacular-digital-wings/,True
2022-07-05 00:44:24,Tuesday July 5th - Quiet morning people wise  :: Bold and Beautiful,https://pacificjules.typepad.com/pacific-jules/2022/07/tuesday-july-5th-quiet-morning-people-wise.html,True
2022-07-06 00:51:08,Wild and stormy waters  :: Bold and Beautiful,https://pacificjules.typepad.com/pacific-jules/2022/07/dark-and-stormy-waters.html,True
2022-07-06 12:17:11,Northern Beaches declared disaster area but faring better than feared; flood waters recede; disaster payments available from tomorrow :: Manly Observer,https://manlyobserver.com.au/northern-beaches-declared-disaster-area-but-faring-better-than-feared-flood-waters-recede-disaster-payments-available-from-tomorrow/,True
2022-07-07 12:17:36,Recording the life stories that we leave behind :: Manly Observer,https://manlyobserver.com.au/recording-the-life-stories-that-we-leave-behind/,True
2022-07-08 00:50:08,Food Review: St Alma Freshwater :: Manly Observer,https://manlyobserver.com.au/food-review-st-alma-freshwater/,True
2022-07-08 12:15:19,When the War is Over :: Bold and Beautiful,https://pacificjules.typepad.com/pacific-jules/2022/07/when-the-war-is-over.html,True
2022-07-10 12:14:03,"Lifeline Classic community surf, fun and support event is making a BIG comeback in 2022 :: Manly Observer",https://manlyobserver.com.au/lifeline-classic-community-surf-fun-and-support-event-is-making-a-big-comeback-in-2022/,True
2022-07-11 12:17:07,"Monday 11th July 2022 - Jules, 2012 Sign-in & DX. :: Bold and Beautiful",https://pacificjules.typepad.com/pacific-jules/2022/07/monday-11th-july-2022.html,True
2022-07-12 00:47:35,Tuesday July 12th - Seal of approval  :: Bold and Beautiful,https://pacificjules.typepad.com/pacific-jules/2022/07/tuesday-july-12th-seal-of-approval.html,True
2022-07-12 12:26:38,Kitten that spent five days hiding in a water drain is FINALLY rescued after locals dedicated countless hours to try and save it,https://www.dailymail.co.uk/news/article-11004263/Kitten-spent-five-days-hiding-drain-Manly-FINALLY-rescued.html,True
2022-07-13 12:17:14,Major Development on Manly Beachfront almost underway: Royal Far West :: Manly Observer,https://manlyobserver.com.au/royal-far-west-redevelopment/,True
2022-07-15 12:16:37,Centrals :: Sprout Daily,https://www.sproutdaily.com/the-daily/15-jul-22,True
2022-07-15 12:16:38,Friday 15 July 2022. Sixes and sevens :: Bold and Beautiful,https://pacificjules.typepad.com/pacific-jules/2022/07/friday-15-july-2022-sixes-and-sevens-1.html,True
2022-07-16 12:13:20,Recent cancellations lead to ‘Fresh’ ferry talks with opposition :: Manly Observer,https://manlyobserver.com.au/shadow-transport-minister-crosses-harbour-for-fresh-ferry-talks/,True
2022-07-17 12:14:24,Live music concerts return to Manly Leagues Club :: Manly Observer,https://manlyobserver.com.au/live-music-concerts-return-to-manly-leagues-club/,True
2022-07-17 12:14:24,Bear Cottage Supertees up for its Superhero Week :: Manly Observer,https://manlyobserver.com.au/bear-cottage-supertees-up-for-superhero-week/,True
2022-07-18 00:45:30,Balmy :: Sprout Daily,https://www.sproutdaily.com/the-daily/18-jul-22,True
2022-07-18 00:45:31,"Monday, 18 July 2022 - True happiness :: Bold and Beautiful",https://pacificjules.typepad.com/pacific-jules/2022/07/monday-18-july-2022-true-happiness.html,True
2022-07-19 00:53:02,Soft :: Sprout Daily,https://www.sproutdaily.com/the-daily/19-jul-22,True
2022-07-19 00:53:06,Tuesday July 19th - Nicer than forecast  :: Bold and Beautiful,https://pacificjules.typepad.com/pacific-jules/2022/07/tuesday-july-19th-nicer-than-forecast.html,True
2022-07-20 12:15:31,Limber  :: Sprout Daily,https://www.sproutdaily.com/the-daily/20-jul-22,True
2022-07-20 12:15:32,Wednesday 20th July - in pursuit of eternal youth & happy birthday Tracey! :: Bold and Beautiful,https://pacificjules.typepad.com/pacific-jules/2022/07/wednesday-20th-july-in-pursuit-of-eternal-youth-.html,True
2022-07-21 12:16:02,Cricket great Michael Slater charged for allegedly breaching bail after drunken incident that landed him in hospital,https://www.dailymail.co.uk/news/article-11034215/Cricket-star-Michael-Slater-charged-breaching-bail-drunken-Sydney-incident-hospitalised.html,True
2022-07-21 12:16:13,Big changes ahead for Freshwater :: Manly Observer,https://manlyobserver.com.au/parkland-boardwalk-and-surf-club-upgrades-in-freshwater-refreshment/,True
2022-07-21 12:16:13,Council approves new rate increase :: Manly Observer,https://manlyobserver.com.au/council-approves-new-rate-increase/,True
2022-07-22 00:51:42,Friday 22 July 2022  :: Bold and Beautiful,https://pacificjules.typepad.com/pacific-jules/2022/07/friday-22-july-2022-friday-.html,True
2022-07-22 00:51:48,Manly Town Hall vision :: Northern Beaches Advocate,https://www.northernbeachesadvocate.com.au/2022/07/22/manly-town-hall-vision/,True
2022-07-24 12:14:37,Curtains stay closed for Manly’s Cinema but new option emerges :: Manly Observer,https://manlyobserver.com.au/curtains-stay-closed-for-manlys-cinema-but-new-option-emerges/,True
2022-07-25 00:46:41,Bonus :: Sprout Daily,https://www.sproutdaily.com/the-daily/25-jul-22,True
2022-07-25 12:18:21,Il Trovatore – what a yarn! :: Manly Observer,https://manlyobserver.com.au/il-trovatore-what-a-yarn/,True
2022-07-25 12:18:21,"Remains have been found at Little Manly, police confirm  :: Manly Observer",https://manlyobserver.com.au/remains-have-been-found-at-little-manly-police-confirm/,True
2022-07-26 00:50:39,Long Game :: Sprout Daily,https://www.sproutdaily.com/the-daily/26-jul-22,True
2022-07-26 00:50:40,Tuesday July 26th - Sunshine and rain :: Bold and Beautiful,https://pacificjules.typepad.com/pacific-jules/2022/07/tuesday-july-26th.html,True
2022-07-26 12:15:58,"Australian rugby league players vow to boycott key match over new 'pride' jersey - sparking furious row that has dragged in an openly gay club legend, league bosses and the Prime Minister",https://www.dailymail.co.uk/news/article-11049073/Australian-rugby-league-players-boycott-rainbow-pride-jersey.html,True
2022-07-26 12:15:58,Manly NRL player is accused of stabbing another man in the back with a steak knife during a brawl at a Mormon dance party,https://www.dailymail.co.uk/news/article-11048725/Manly-NRL-star-Manase-Fainu-trial-Mormon-church-dance-stabbing.html,True
2022-07-26 12:16:01,NSW Treasurer weighs in after Manly players refuse to wear pride jersey,https://www.9news.com.au/national/manly-sea-eagles-pride-jersey-controversy-nsw-treasurer-matt-kean-twitter-nrl-rugby-league/7acf42e9-e651-4ae0-9c8c-4b0fd183a578,True
2022-07-26 12:16:08,Human remains uncovered at Little Manly :: Manly Observer,https://manlyobserver.com.au/human-remains-uncovered-at-little-manly/,True
2022-07-26 12:16:08,‘Citizens arrest’ follows major Brookvale crash :: Manly Observer,https://manlyobserver.com.au/vehicle-collision-brookvale/,True
2022-07-27 00:50:30,Finding the Fabulous  :: Bold and Beautiful,https://pacificjules.typepad.com/pacific-jules/2022/07/finding-the-fabulous-1.html,True
2022-07-27 12:18:23,Church youth leader describes how he was allegedly stabbed in the back by Manly Sea Eagles player: 'I was in pain I can't explain',https://www.dailymail.co.uk/news/article-11052753/Manase-Fainu-NRL-players-alleged-victim-describes-stab.html,True
2022-07-27 12:18:23,Read a former NRL star's SCATHING spray at supporters of the Manly players who refuse to wear pride jerseys: 'Nine-year-olds are taking their own life',https://www.dailymail.co.uk/news/article-11052547/Read-ex-NRL-stars-SCATHING-spray-fans-refuse-wear-Pride-jerseys.html,True
2022-07-27 12:18:28,Good Run! :: Sprout Daily,https://www.sproutdaily.com/the-daily/27-jul-22,True
2022-07-28 12:19:51,'Cry my beloved country': Peta Credlin says she despairs over the direction of Australia - arguing the Manly Sea Eagles saga shows 'who is and who is not discriminated against',https://www.dailymail.co.uk/news/article-11056865/Peta-Credlin-slams-Manly-Sea-Eagles-Pride-jersey-saga.html,True
2022-07-28 12:19:51,Bob Katter compares the 'persecution' of seven 'heroic' Manly NRL players refusing to wear rainbow jerseys to the slaughter of six million Jews in the Holocaust: 'They're coming for you',https://www.dailymail.co.uk/news/article-11056519/Bob-Katter-claims-Christianity-attack-Australia-Manly-Sea-Eagles-jersey-fiasco.html,True
2022-07-28 12:20:04,Manly Vale house fire :: Northern Beaches Advocate,https://www.northernbeachesadvocate.com.au/2022/07/28/manly-vale-house-fire/,True
2022-07-29 00:46:51,How Manly fans showed PLENTY of pride on a night when SEVEN players boycotted match amid jersey drama - here's what they REALLY think of the no-show stars,https://www.dailymail.co.uk/news/article-11057945/Manly-pride-jersey-Sea-Eagles-fans-reveal-think-player-boycott-NRL.html,True
2022-07-29 00:46:56,Options :: Sprout Daily,https://www.sproutdaily.com/the-daily/29-jul-22,True
2022-07-29 00:46:57,Friday 29 July 2022 Examine your mind :: Bold and Beautiful,https://pacificjules.typepad.com/pacific-jules/2022/07/friday-29-july-2022-examine-your-mind.html,True
2022-08-01 00:57:05,Sabbatical :: Sprout Daily,https://www.sproutdaily.com/the-daily/1-aug-22,True
2022-08-01 00:57:06,"Monday, 1 Aug 2022 - Arctic swimming :: Bold and Beautiful",https://pacificjules.typepad.com/pacific-jules/2022/08/monday-1-aug-2022-arctic-swimming.html,True
2022-08-02 00:54:02,Tuesday August 2nd - The aquarium is back  :: Bold and Beautiful,https://pacificjules.typepad.com/pacific-jules/2022/08/tuesday-august-2nd-the-aquarium-is-back.html,True
2022-08-02 12:20:10,Over 50s Gym Now Open In Dee Why! :: Manly Australia,https://www.manlyaustralia.com.au/news/over-50s-gym-now-open-in-dee-why/?current-news,True
2022-08-04 12:15:45,Extensive search underway for man missing on Northern Beaches :: Manly Observer,https://manlyobserver.com.au/extensive-search-underway-for-man-missing-on-northern-beaches/,True
2022-08-04 12:15:45,Beaches among worst hit in 2022 storm season :: Manly Observer,https://manlyobserver.com.au/beaches-among-worst-hit-in-2022-storm-season/,True
2022-08-05 00:56:54,You’ve been Hanging with the Nicest People :: Bold and Beautiful,https://pacificjules.typepad.com/pacific-jules/2022/08/youve-been-hanging-with-the-nicest-people.html,True
2022-08-08 12:15:28,NRL player denies church car park stabbing,https://www.9news.com.au/national/manase-fainu-manly-sea-eagles-court/989b70df-f8f3-4fee-b0c9-56fed2f3399d,True
2022-08-08 12:15:31,Monday 8th: Georgy Girl :: Bold and Beautiful,https://pacificjules.typepad.com/pacific-jules/2022/08/monday-8th-georgy-girl.html,True
2022-08-09 00:52:00,Tuesday August 9th - Don't trust the forecast  :: Bold and Beautiful,https://pacificjules.typepad.com/pacific-jules/2022/08/tuesday-august-9th-dont-trust-the-forecast.html,True
2022-08-09 12:18:07,Two capsized men caught just in time by waylaid whale watchers :: Manly Observer,https://manlyobserver.com.au/two-capsized-men-caught-just-in-time-by-waylaid-whale-watchers/,True
2022-08-09 12:18:07,Teen charged after police and Polair pursuit through Brookvale :: Manly Observer,https://manlyobserver.com.au/teen-charged-after-police-pursuit-through-brookvale-curl-curl-and-beyond/,True
2022-08-10 00:50:32,Wednesday 10th August - getting physical & swimming like greased lightning in Our Xanadu  :: Bold and Beautiful,https://pacificjules.typepad.com/pacific-jules/2022/08/wednesday-10th-august-our-xanadu-in-cabbage-tree-bay.html,True
2022-08-11 12:17:56,Manly footy player is found GUILTY of stabbing a man at his church dance party with his NRL career in ruins ,https://www.dailymail.co.uk/news/article-11101557/Manly-footy-player-Manase-Fainu-GUILTY-stabbing-man-NRL-career-ruins.html,True
2022-08-12 12:15:53,Friday 12 August 2022 - A Summery* swim... :: Bold and Beautiful,https://pacificjules.typepad.com/pacific-jules/2022/08/friday-12-august-2022-a-summery-swim.html,True
2022-08-12 12:15:57,Pound the Pavement in Purple for Pancreatic Cancer :: Manly Observer,https://manlyobserver.com.au/pound-the-pavement-in-purple-for-pancreatic-cancer/,True
2022-08-15 12:16:33,"Monday, 15 August 2022 - Blissful moments :: Bold and Beautiful",https://pacificjules.typepad.com/pacific-jules/2022/08/monday-15-august-2022-blissful-moments.html,True
2022-08-15 12:16:39,Manly Warringah BMX Club seek sponsors for end-of-season event :: Manly Observer,https://manlyobserver.com.au/manly-warringah-bmx-club-seek-sponsors-for-end-of-season-event/,True
2022-08-16 00:54:07,Tuesday August 16th - A winter delight :: Bold and Beautiful,https://pacificjules.typepad.com/pacific-jules/2022/08/tuesday-august-16th-.html,True
2022-08-16 12:15:25,Food Review: P’Nut Noodles Dee Why :: Manly Observer,https://manlyobserver.com.au/food-review-pnut-noodles-dee-why/,True
2022-08-16 12:15:25,Gangs reportedly targeting homes in Northern Beaches :: Manly Observer,https://manlyobserver.com.au/gangs-reportedly-targeting-homes-in-northern-beaches/,True
2022-08-17 00:50:14,The point is  :: Bold and Beautiful,https://pacificjules.typepad.com/pacific-jules/2022/08/the-point-is.html,True
2022-08-19 00:49:34,Milestones and morning sherry :: Bold and Beautiful,https://pacificjules.typepad.com/pacific-jules/2022/08/milestones-and-morning-sherry.html,True
2022-08-19 00:49:38,The Comeback King: large Manly ferry returns to daily commute :: Manly Observer,https://manlyobserver.com.au/the-comeback-king-large-manly-ferry-returns-to-daily-commute/,True
2022-08-20 12:14:23,It's a Summer of another Year :: Bold and Beautiful,https://pacificjules.typepad.com/pacific-jules/2022/08/its-a-summer-of-another-year.html,True
2022-08-20 12:14:27,"The rise and rise of Mammalian Meat Allergy on the Northern Beaches: how it happened, who it happened to and hope for a cure :: Manly Observer",https://manlyobserver.com.au/the-rise-and-rise-of-mammalian-meat-allergy-on-the-northern-beaches-how-it-happened-who-it-happened-to-and-hope-for-a-cure/,True
2022-08-21 00:43:58,How a fit and healthy nutritionist developed DEMENTIA and forgot her own name because of a common fungi festering in her home - here's what EVERYONE needs to look out for,https://www.dailymail.co.uk/news/article-11129751/Sydney-woman-42-forgets-developing-dementia-mould-build-apartment.html,True
2022-08-21 00:44:07,"The rise and rise of Mammalian Meat Allergy on the Northern Beaches: how it happened, who it happened to and hope for a cure :: Manly Observer",https://manlyobserver.com.au/mammalian-meat-allergy/,True
2022-08-22 00:48:17,Sinkhole opens up in Manly Corso :: Manly Observer,https://manlyobserver.com.au/sinkhole-opens-up-in-manly-corso/,True
2022-08-22 00:48:17,Des Hasler won’t blame ‘Manly Seven’ for season demise :: Manly Observer,https://manlyobserver.com.au/des-hasler-wont-blame-manly-seven-for-season-demise/,True
2022-08-22 00:48:17,Rally held for Council demerger :: Manly Observer,https://manlyobserver.com.au/rally-held-for-council-demerger/,True
2022-08-23 00:57:05,23/08/2022 - Today's Messy Swim and 'The Big Five'...Amazing Creatures of Cabbage Tree Bay :: Bold and Beautiful,https://pacificjules.typepad.com/pacific-jules/2022/08/23082022-the-big-fiveamazing-creatures-of-cabbage-tree-bay.html,True
2022-08-24 12:17:36,Wed 24th: 14.9º and 8.8º :: Bold and Beautiful,https://pacificjules.typepad.com/pacific-jules/2022/08/wed-24th-149-and-88.html,True
2022-08-25 12:18:09,Crescent :: Sprout Daily,https://www.sproutdaily.com/the-daily/25-aug-22,True
2022-08-26 00:50:46,Make A Wave :: Sprout Daily,https://www.sproutdaily.com/the-daily/26-aug-22,True
2022-08-26 00:50:46,Friday 26 August 2022 - Superb  :: Bold and Beautiful,https://pacificjules.typepad.com/pacific-jules/2022/08/friday-26-august-2022-superb-.html,True
2022-08-28 12:14:36,28/08/2022- Sunday Magic Swim and 15 PJs! :: Bold and Beautiful,https://pacificjules.typepad.com/pacific-jules/2022/08/28082022-sunday-magic-swim.html,True
2022-08-29 00:54:29,Spring Winds :: Sprout Daily,https://www.sproutdaily.com/the-daily/29-aug-22,True
2022-08-29 00:54:29,Monday 29th August 2022 - Bluey :: Bold and Beautiful,https://pacificjules.typepad.com/pacific-jules/2022/08/monday-29th-august-2022-bluey.html,True
2022-08-29 12:18:44,Shelly Beach clean-up attracts 100 volunteers :: Manly Observer,https://manlyobserver.com.au/shelly-beach-clean-up-attracts-100-volunteers/,True
2022-08-29 12:18:44,"Child hit by car, Manly Wharf :: Manly Observer",https://manlyobserver.com.au/child-hit-by-car-manly-wharf/,True
2022-08-29 12:18:44,Big banks refuse to allay concerns of branch closures on Northern Beaches :: Manly Observer,https://manlyobserver.com.au/big-banks-refuse-to-allay-concerns-of-branch-closures-on-northern-beaches/,True
2022-08-29 12:18:47,Boy hit by car at Manly :: Northern Beaches Advocate,https://www.northernbeachesadvocate.com.au/2022/08/29/boy-hit-by-car-at-manly/,True
2022-08-30 00:58:43,Tuesday 30/8/2022 - Bumpy but Clear Tuesday :: Bold and Beautiful,https://pacificjules.typepad.com/pacific-jules/2022/08/tuesday-3082022-bumpy-but-clear-tuesday.html,True
2022-08-30 00:58:47,PHANTOM OF THE OPERA – SYDNEY OPERA HOUSE :: Manly Observer,https://manlyobserver.com.au/phantom-of-the-opera-sydney-opera-house/,True
2022-08-31 00:59:12,Winter Sun :: Sprout Daily,https://www.sproutdaily.com/the-daily/31-aug-22,True
2022-08-31 00:59:13,Wednesday 31st August : last day of winter (badges in the bag!) :: Bold and Beautiful,https://pacificjules.typepad.com/pacific-jules/2022/08/wednesday-31st-august-last-day-of-winter.html,True
2022-08-31 12:19:13,Michael Slater charged over alleged assault in Sydney hospital,https://www.9news.com.au/national/michael-slater-charged-assault-hospital-sydney-cricket-news/b66436d3-ca02-42ef-95b4-c1d1a3c58bec,True
2022-09-01 00:45:26,Spring is here at last! And an exhibition to celebrate it :: Manly Observer,https://manlyobserver.com.au/spring-is-here-at-last-and-an-exhibition-to-celebrate-it/,True
2022-09-01 00:45:26,Northern Beaches launches Sydney’s first 24 hour local library :: Manly Observer,https://manlyobserver.com.au/northern-beaches-launches-sydneys-first-24-hour-community-library/,True
2022-09-01 12:16:32,Committed :: Sprout Daily,https://www.sproutdaily.com/the-daily/1-sep-22,True
2022-09-02 00:48:24,User Friendly :: Sprout Daily,https://www.sproutdaily.com/the-daily/2-sep-22,True
2022-09-02 00:48:25,Down in the Tube Station at Midnight :: Bold and Beautiful,https://pacificjules.typepad.com/pacific-jules/2022/09/down-in-the-tube-station-at-midnight.html,True
2022-09-02 00:48:30,Manly Post Office will relocate following six months in limbo :: Manly Observer,https://manlyobserver.com.au/manly-post-office-will-relocate-following-six-months-in-limbo/,True
2022-09-02 12:17:30,A community party to help Kai :: Manly Observer,https://manlyobserver.com.au/a-community-party-with-a-good-cause/,True
2022-09-03 12:14:33,Home urgently sought for Manly character’s cats :: Manly Observer,https://manlyobserver.com.au/home-urgently-sought-for-manly-characters-cats/,True
2022-09-04 12:15:55,From Manly Vale to Manhattan :: Manly Observer,https://manlyobserver.com.au/from-manly-vale-to-manhattan/,True
2022-09-05 00:57:00,Monday 5th September 2021 - Bon voyage Rusty :: Bold and Beautiful,https://pacificjules.typepad.com/pacific-jules/2022/09/monday-5th-september-2021.html,True
2022-09-05 12:17:34,RDO :: Sprout Daily,https://www.sproutdaily.com/the-daily/5-sep-22,True
2022-09-05 12:17:38,Free radio training with Radio Northern Beaches :: Manly Observer,https://manlyobserver.com.au/free-radio-training-with-radio-northern-beaches/,True
2022-09-05 12:17:38,"Goodbye ALDI, Hello Gelato Messina :: Manly Observer",https://manlyobserver.com.au/goodbye-aldi-hello-gelato-messina/,True
2022-09-05 12:17:38,Shark net debate resurfaces :: Manly Observer,https://manlyobserver.com.au/shark-net-debate-resurfaces/,True
2022-09-06 12:18:47,REVEALED: The wealthy Australian suburbs where house prices are plunging - and the surprising areas where values are rising,https://www.dailymail.co.uk/news/article-11126347/Why-crackdown-building-apartments-overseas-buyers-change-Australias-property-market.html,True
2022-09-06 12:18:53,Better? :: Sprout Daily,https://www.sproutdaily.com/the-daily/6-sep-22,True
2022-09-06 12:18:54,Tuesday 7th’s Daily wave  :: Bold and Beautiful,https://pacificjules.typepad.com/pacific-jules/2022/09/daily-wave.html,True
2022-09-06 12:18:58,‘Tent City’ investigation: The dune dwellers of Dee Why :: Manly Observer,https://manlyobserver.com.au/tent-city-investigation-the-dune-dwellers-of-dee-why/,True
2022-09-07 12:19:11,Emerge  :: Sprout Daily,https://www.sproutdaily.com/the-daily/7-sep-22,True
2022-09-07 12:19:12,7/09/2022 - Beautiful :: Bold and Beautiful,https://pacificjules.typepad.com/pacific-jules/2022/09/7092022-beautiful.html,True
2022-09-07 12:19:19,New truck for SES Manly :: Northern Beaches Advocate,https://www.northernbeachesadvocate.com.au/2022/09/07/new-truck-for-ses-manly/,True
2022-09-08 00:51:33,You don’t need to be an expert to ask R U OK? :: Manly Australia,https://www.manlyaustralia.com.au/news/you-dont-need-to-be-an-expert-to-ask-r-u-ok/?current-news,True
2022-09-08 00:51:34,Rattle :: Sprout Daily,https://www.sproutdaily.com/the-daily/8-sep-22,True
2022-09-09 00:55:36,Friday 9 September 2022 Comes a Timev - Vale QEII :: Bold and Beautiful,https://pacificjules.typepad.com/pacific-jules/2022/09/friday-9-september-2022-comes-a-timev-vale-qeii.html,True
2022-09-12 12:21:14,Monday 12 Sept - the sun is out  :: Bold and Beautiful,https://pacificjules.typepad.com/pacific-jules/2022/09/monday-12-sept-the-sun-is-out.html,True
2022-09-13 00:53:39,"Tuesday September 13th - No coffee,  no crowds  :: Bold and Beautiful",https://pacificjules.typepad.com/pacific-jules/2022/09/tuesday-september-13th-no-coffee-no-crowds.html,True
2022-09-14 00:51:37,A SHOW TO LOSE YOUR HEAD OVER – AGAIN! :: Manly Observer,https://manlyobserver.com.au/a-show-to-lose-your-head-over-again/,True
2022-09-14 12:19:41,14-09-2022: A double celebration  :: Bold and Beautiful,https://pacificjules.typepad.com/pacific-jules/2022/09/14-09-2022-a-double-celebration-.html,True
2022-09-14 12:19:45,Novel Poker Protocol puts Manly under the microscope :: Manly Observer,https://manlyobserver.com.au/novel-poker-protocol-puts-manly-under-the-microscope/,True
2022-09-14 12:19:45,Chocolate lovers rejoice!  Lindt store opens in Warringah Mall :: Manly Observer,https://manlyobserver.com.au/chocolate-lovers-rejoice-lindt-store-opens-in-warringah-mall/,True
2022-09-14 12:19:45,North Manly Bowling Club to be redeveloped as gymnastics centre :: Manly Observer,https://manlyobserver.com.au/north-manly-bowling-club-to-be-redeveloped-as-gymnastics-centre/,True
2022-09-14 12:19:48,Quilty at Manly :: Northern Beaches Advocate,https://www.northernbeachesadvocate.com.au/2022/09/14/quilty-at-manly/,True
2022-09-16 00:56:06,Giving Back the Love :: Bold and Beautiful,https://pacificjules.typepad.com/pacific-jules/2022/09/giving-back-the-love.html,True
2022-09-16 12:17:31,Single photo exposes the major issue with electric cars amid fears they could become a 'lawyer's picnic',https://www.dailymail.co.uk/news/article-11218013/Electric-car-parked-Manly-Sydneys-northern-beaches-raises-major-dilemma.html,True
2022-09-19 12:20:09,Snooze :: Sprout Daily,https://www.sproutdaily.com/the-daily/19-sep-22,True
2022-09-19 12:20:10,Monday 19th September; my very first blog (Belinda) :: Bold and Beautiful,https://pacificjules.typepad.com/pacific-jules/2022/09/monday-19th-september-my-very-first-blog-belinda.html,True
2022-09-19 12:20:14,Tracking down the magnificent mystery minstrel of Manly :: Manly Observer,https://manlyobserver.com.au/tracking-down-the-magnificent-mystery-minstrel-of-manly/,True
2022-09-20 00:54:03,Twenty Days :: Sprout Daily,https://www.sproutdaily.com/the-daily/20-sep-22,True
2022-09-20 12:21:16,John Barilaro will fight charges he assaulted a cameraman and broke his equipment as his lawyer reveals he's struggling and 'not well at all',https://www.dailymail.co.uk/news/article-11229443/John-Barilaro-fight-charge-assaulted-cameraman-Manly-scuffle.html,True
2022-09-20 12:21:22,20/9/2022 - Swimmers are Grinners! :: Bold and Beautiful,https://pacificjules.typepad.com/pacific-jules/2022/09/2092022-.html,True
2022-09-21 00:56:54,Slim Pickings  :: Sprout Daily,https://www.sproutdaily.com/the-daily/21-sep-22,True
2022-09-21 00:56:55,Wednesday 21st September - take me back to Fiji time! :: Bold and Beautiful,https://pacificjules.typepad.com/pacific-jules/2022/09/wednesday-21st-september-take-me-back-to-fiji-time.html,True
2022-09-23 00:57:22,Settle :: Sprout Daily,https://www.sproutdaily.com/the-daily/23-sep-22,True
2022-09-23 00:57:24,Friday 23 September 2022 Dedication :: Bold and Beautiful,https://pacificjules.typepad.com/pacific-jules/2022/09/friday-23-september-2022-dedication-1.html,True
2022-09-23 00:57:27,Sax on the Beach: Manly Jazz kicks off this weekend :: Manly Observer,https://manlyobserver.com.au/sax-on-the-beach-manly-jazz-festival-kicks-off-this-weekend/,True
2022-09-24 12:18:08,Car bursts into flame at Seaforth intersection :: Manly Observer,https://manlyobserver.com.au/carfire/,True
2022-09-26 00:56:21,Early Birds :: Sprout Daily,https://www.sproutdaily.com/the-daily/26-sep-22,True
2022-09-26 12:19:46,Monday 26 Sept - feels colder than 16.6!  :: Bold and Beautiful,https://pacificjules.typepad.com/pacific-jules/2022/09/monday-26-sept-feels-colder-than-166.html,True
2022-09-26 12:19:50,Freshwater Brewery opens in ‘Brewvale’ brewing hub :: Manly Observer,https://manlyobserver.com.au/freshwater-brewery-opens-in-brewvale-brewing-hub/,True
2022-09-27 00:58:28,Bon Voyage :: Sprout Daily,https://www.sproutdaily.com/the-daily/27-sep-22,True
2022-09-27 00:58:29,Tuesday 27th Sept - Grey sky and calm sea :: Bold and Beautiful,https://pacificjules.typepad.com/pacific-jules/2022/09/tuesday-27th-sept-.html,True
2022-09-27 12:21:22,Simon … Tahiti looks nice  :: Bold and Beautiful,https://pacificjules.typepad.com/pacific-jules/2022/09/simon-tahiti-looks-nice.html,True
2022-10-03 01:16:25,Painfully embarrassing moment a groom brutally dislocates his elbow while serenading his bride with a metalcore song at their wedding,https://www.dailymail.co.uk/news/article-11271677/Groom-dislocates-elbow-wedding-dancefloor-Sydney-Chris-Helen-Quinn-Parkway-Drive.html,True
2022-10-03 01:16:31,S C S :: Sprout Daily,https://www.sproutdaily.com/the-daily/30-sep-22,True
2022-10-03 01:16:31,Sun Day :: Sprout Daily,https://www.sproutdaily.com/the-daily/29-sep-22,True
2022-10-03 01:16:31,Winston :: Sprout Daily,https://www.sproutdaily.com/the-daily/28-sep-22,True
2022-10-03 01:16:31,Monday 3 October 2022 - Dragon boat Gold :: Bold and Beautiful,https://pacificjules.typepad.com/pacific-jules/2022/10/monday-3-october-2022.html,True
2022-10-03 01:16:31,Don't Mess with The Spaniard :: Bold and Beautiful,https://pacificjules.typepad.com/pacific-jules/2022/09/dont-mess-with-the-spaniard.html,True
2022-10-03 01:16:35,Rock fisherman winched to safety in waters off Manly :: Manly Observer,https://manlyobserver.com.au/man-winched-to-safety-in-waters-off-manly/,True
2022-10-03 01:16:35,Candidates line up to take vacant seat of Pittwater :: Manly Observer,https://manlyobserver.com.au/candidates-line-up-to-take-vacant-seat-of-pittwater/,True
2022-10-03 01:16:35,Teal takeover bid for upcoming state election :: Manly Observer,https://manlyobserver.com.au/teal-takeover-bid-for-upcoming-state-election/,True
2022-10-03 01:16:35,Illegal sale of disposable vapes a local issue :: Manly Observer,https://manlyobserver.com.au/illegal-sale-of-disposable-vapes-a-ticking-time-bomb/,True
2022-10-03 01:16:35,Sue’s back as Deputy Mayor of Northern Beaches :: Manly Observer,https://manlyobserver.com.au/sues-back-as-deputy-mayor-of-northern-beaches/,True
2022-10-03 12:22:13,Fiery eruption at Dee Why’s ‘tent city’ :: Manly Observer,https://manlyobserver.com.au/fiery-eruption-at-dee-whys-tent-city/,True
2022-10-04 01:03:38,Truncated  :: Sprout Daily,https://www.sproutdaily.com/the-daily/4-oct-22,True
2022-10-04 01:03:40,4/10/2022 - Murky but Magic! :: Bold and Beautiful,https://pacificjules.typepad.com/pacific-jules/2022/10/4102022-murky-but-magic.html,True
2022-10-04 12:21:54,Council and police ‘move in to disband’ Dee Why Tent City :: Manly Observer,https://manlyobserver.com.au/council-and-police-move-in-to-disband-dee-why-tent-city/,True
2022-10-05 01:02:58,Have you seen these men? Why this CCTV footage inside a takeaway shop at a popular nightlife strip could hold the answers to solving an alleged sexual assault,https://www.dailymail.co.uk/news/article-11278817/CCTV-two-men-inside-takeaway-shop-Manly-Sydney-hold-answers-solving-sexual-assault.html,True
2022-10-05 01:03:07,Review :: Sprout Daily,https://www.sproutdaily.com/the-daily/5-oct-22,True
2022-10-05 12:19:12,Wed 5th: Solitary Stollery :: Bold and Beautiful,https://pacificjules.typepad.com/pacific-jules/2022/10/wed-5th-solitary-stollery.html,True
2022-10-06 00:57:55,Dad exposes the 'staggering' cost of visiting the beach in Australia: 'Turns out the best things in life aren't always free',https://www.dailymail.co.uk/news/article-11284867/Manly-Bondi-parking-Ben-Fordham-unleashes-expensive-beach-fees.html,True
2022-10-06 00:58:05,"New ferry rumours don’t wash, says Transport :: Manly Observer",https://manlyobserver.com.au/new-ferry-rumours-dont-wash-says-transport/,True
2022-10-06 12:21:03,Northern Beaches braces for potential weekend flood :: Manly Observer,https://manlyobserver.com.au/northern-beaches-braces-for-potential-weekend-flood/,True
